Firstname, Lastname, Age, Weight, Gender
Carley,Larson,66,207,female
Kaylah,Daugherty,19,238,female
Clark,Lindsey,34,133,male
Gerardo,Atkins,54,99,male
Myah,Ritter,67,227,female
Reed,Rice,60,166,male
Ricardo,Sexton,63,193,male
Mary,Walls,52,145,female
Yair,Bird,44,171,male
Izabelle,Lester,28,173,female
Jalen,Clark,48,111,male
Juliette,Finley,34,149,female
Colton,Holden,47,123,male
Drake,Wong,32,231,male
Matteo,Henson,20,119,male
Miles,Wiley,59,184,male
Bobby,Mccullough,64,128,male
Gianna,Spence,31,191,female
Ariel,Chase,58,132,female
Callum,Stokes,66,128,male
Alden,Byrd,27,203,male
Logan,Holder,39,177,male
Hayden,Vance,22,222,male
Ryan,Campos,48,196,male
Kolby,Russo,67,208,male
Davion,Stevenson,67,100,male
Lilianna,Pruitt,19,210,female
Saniyah,Roth,41,185,female
Jean,Koch,25,218,male
Tanner,Oneal,20,207,male
Yandel,Everett,25,101,male
Kristopher,Cruz,65,137,male
Hadassah,Norris,47,117,female
Chana,Buck,70,149,female
Abel,Romero,34,140,male
Jase,Douglas,42,219,male
Magdalena,George,54,228,female
Janiyah,Finley,35,178,female
Jaylen,Archer,22,131,male
Trevor,Brewer,68,122,male
Javion,Joyce,40,168,male
Nayeli,Montoya,32,236,female
Memphis,Russo,27,246,male
Waylon,Barnett,59,126,male
Ariel,Werner,25,247,male
Morgan,Cannon,46,154,male
Damion,Thornton,24,201,male
Ayana,Mcgee,31,113,female
Tyrone,Acevedo,58,131,male
Abel,Dorsey,20,112,male
Janelle,Lowe,62,248,female
Gavyn,Mckee,29,192,male
Elsie,Barr,37,148,female
Helena,Coleman,21,132,female
Brogan,Hinton,51,120,male
Athena,Frazier,61,239,female
Malachi,Mayo,34,206,male
Leonel,Brandt,37,110,male
Andrew,Hobbs,47,246,male
Tristin,Taylor,19,150,male
Thalia,Bentley,59,195,female
Kaeden,Sheppard,51,177,male
Zackary,Chen,55,199,male
Brodie,Graham,47,195,male
Marques,Stevens,29,149,male
Jadon,Cunningham,69,193,male
Gina,James,59,238,female
Erin,Richmond,51,134,female
Emmy,Knox,44,133,female
Shaniya,Barajas,60,215,female
Turner,Chavez,61,237,male
Ariel,Larson,18,186,female
Owen,Mullen,41,166,male
Leo,Delgado,34,92,male
Alyson,Sheppard,46,178,female
Landon,Raymond,44,127,male
Alivia,Freeman,45,146,female
Gloria,Clay,52,221,female
Nicolas,Glenn,64,239,male
Kayleigh,Odonnell,58,129,female
Raiden,Steele,24,179,male
Santiago,Giles,23,187,male
Kailee,Roy,49,245,female
Dangelo,Grant,38,202,male
Adalynn,Pugh,27,211,female
Demetrius,Mcdaniel,23,145,male
Nickolas,Sutton,32,169,male
Anna,Hodge,38,134,female
Sanaa,Beck,36,132,female
Nathan,Stephenson,50,107,male
Matilda,Bennett,19,158,female
Richard,Dunn,63,133,male
Brayden,Horn,46,166,male
Savion,Figueroa,65,188,male
Macey,Hardin,24,119,female
Payton,Gonzalez,39,157,female
Vicente,Pope,29,211,male
Alina,Daniels,68,112,female
Rocco,Warren,40,166,male
Rigoberto,Mills,33,162,male
Zachery,Hickman,67,124,male
Christopher,Powell,33,134,male
Santiago,Moon,29,245,male
Maia,Ramirez,55,115,female
Ricardo,Schneider,18,145,male
Kyle,Esparza,57,155,male
Stephany,Morgan,43,246,female
Wesley,Kline,39,167,male
Gianna,Macias,31,158,female
Margaret,Humphrey,40,192,female
Brandon,Dunlap,48,132,male
Lindsay,Kelly,46,155,female
Reynaldo,Dawson,51,243,male
Reese,Kramer,50,213,male
Lainey,Thompson,41,233,female
Erin,Hill,41,221,female
Kamron,Rojas,45,245,male
Bentley,Haley,55,109,male
Aryana,Wood,66,158,female
Samson,Walls,58,243,male
Kaydence,Welch,55,151,female
Trevor,Rivas,56,101,male
Kamari,Thomas,42,213,male
Lincoln,Rogers,26,116,male
Chana,Wise,65,112,female
Efrain,Robinson,53,177,male
Marilyn,Russell,61,123,female
Yael,Livingston,22,242,male
Gianna,Sellers,32,117,female
Jazlynn,Hamilton,60,228,female
Marcos,Parrish,29,210,male
Saul,Ellison,25,156,male
Junior,Andrade,37,205,male
Deacon,Fisher,51,173,male
Jonah,Roy,21,151,male
Casey,Campos,59,155,male
Aniyah,Sparks,58,111,female
Johnathan,Howell,30,193,male
Spencer,Blake,40,185,male
Lailah,Fletcher,70,171,female
Lukas,Jarvis,51,145,male
Alana,Sanford,51,127,female
Felipe,Duke,66,148,male
Johnathan,Torres,42,242,male
Felicity,Bird,39,113,female
Whitney,Riley,18,219,female
Quinn,Cervantes,28,142,female
Manuel,Cantu,64,225,male
Karla,Stephens,23,138,female
Kasen,Spence,28,196,male
Esperanza,Valenzuela,67,213,female
Carina,Mora,46,147,female
Shyla,Peters,29,138,female
Brennen,Delgado,39,189,male
India,Beasley,46,101,female
Vivian,Morrow,30,99,female
Skyler,Sampson,21,171,female
Elisabeth,Vaughn,21,194,female
Ali,Bolton,55,94,male
Everett,Hatfield,66,246,male
Jocelyn,Rowland,61,143,female
Noemi,Nguyen,52,193,female
Elena,Medina,43,164,female
Celeste,Allison,65,137,female
Kenyon,Larsen,41,197,male
David,Bartlett,37,238,male
Yair,Robinson,18,226,male
Aurora,Mcgee,24,133,female
Layne,Frank,61,218,male
Omar,Johnston,60,197,male
Kadyn,Carpenter,59,153,male
Kylan,Mccarty,40,222,male
Aileen,Bowen,33,245,female
Janet,Reilly,29,144,female
Cecelia,Werner,31,152,female
Virginia,Haney,41,237,female
Maryjane,Pace,63,163,female
Damon,Parks,27,227,male
Mario,Lutz,48,119,male
Omar,Bean,50,246,male
Diana,Dougherty,40,120,female
Janae,Harvey,26,137,female
Jaliyah,Gutierrez,47,211,female
Amya,Rocha,29,122,female
Nigel,Torres,55,246,male
Wesley,Beck,65,230,male
Jakob,Davis,39,243,male
Issac,Wright,59,225,male
Ezra,George,56,205,male
Tessa,Terrell,53,145,female
Brice,Walls,44,151,male
Holly,Mendez,41,126,female
Rodney,Hess,54,179,male
Jair,Rivers,43,186,male
Alyvia,David,51,135,female
Thaddeus,Mendoza,28,233,male
Ethan,Schroeder,66,175,male
Brogan,Gilbert,51,225,male
Jerome,Hinton,58,139,male
Abdullah,Browning,40,236,male
Yazmin,Simon,27,134,female
Zaniyah,Stein,18,201,female
Stephanie,Fernandez,21,237,female
Octavio,Aguilar,57,141,male
Mina,Shah,29,126,female
Julio,Wiley,25,138,male
Maribel,Ellison,69,197,female
Daisy,Miranda,32,131,female
Adriana,Gay,65,214,female
Skyler,Shea,69,199,female
Kianna,Fischer,62,232,female
Zion,Small,25,210,male
Jasmin,Todd,53,231,female
Oliver,Flowers,70,247,male
Terry,Whitaker,63,240,male
Carlo,Liu,48,220,male
Maia,Villa,24,234,female
Kevin,Blevins,42,176,male
Brielle,Nichols,20,218,female
Ellis,Gibson,61,127,male
Jake,Herring,25,152,male
Jaron,Durham,43,147,male
Elyse,Watts,23,124,female
Evan,Hamilton,43,117,male
Celia,Rhodes,36,147,female
Maggie,Marks,59,171,female
Ezequiel,Nguyen,23,189,male
Nathen,Hubbard,65,228,male
Lillianna,Ford,53,225,female
Jane,Bowen,44,231,female
Angeline,Jackson,24,122,female
Isiah,Parks,24,157,male
Kendrick,Padilla,66,194,male
Halle,Pearson,44,238,female
Kaeden,Cross,53,148,male
Leonidas,Chan,28,232,male
Clark,Farley,46,240,male
Giovanni,Malone,38,141,male
Lillie,Lester,47,153,female
Zara,Vincent,43,190,female
Harold,Proctor,64,227,male
Lexi,Snow,40,124,female
Lizbeth,Vaughn,49,118,female
Scarlett,Buck,42,156,female
Saniya,Gonzales,65,168,female
Lesly,Jennings,24,140,female
Deegan,Hawkins,61,169,male
Jason,Barrera,70,97,male
Felicity,Villarreal,67,97,female
Yazmin,Holden,28,161,female
Zaria,Ponce,38,228,female
Ishaan,Valenzuela,56,104,male
Miguel,Flores,41,118,male
Halle,Poole,64,186,female
Zaria,Atkinson,40,94,female
Atticus,Farmer,31,132,male
Lyric,Gay,27,246,male
Elle,Garza,46,104,female
Jeremiah,Nixon,30,158,male
Hazel,Robertson,53,159,female
Myla,Edwards,41,225,female
Bryanna,Small,65,135,female
Jayla,Huber,57,112,female
Craig,Petersen,20,171,male
Kenley,Key,54,192,female
Lola,Robinson,19,183,female
Precious,Barr,49,183,female
Nina,Howard,59,182,female
Brylee,Weber,53,222,female
Prince,Blevins,57,238,male
Fatima,Robertson,60,150,female
Leilani,Carpenter,61,213,female
Ronnie,Schmidt,32,129,male
Lauren,Cobb,26,120,female
Kenny,Gross,66,211,male
Edwin,Hester,22,127,male
Vanessa,Marsh,22,248,female
Darren,Cooley,49,148,male
Leroy,Arroyo,45,162,male
Charlie,Green,47,159,male
Milton,King,38,187,male
Keenan,Knight,61,175,male
Marquise,Santana,32,235,male
Raegan,Mosley,34,97,female
Calvin,Harrison,34,230,male
Taylor,Griffith,62,221,male
Rogelio,Zhang,39,241,male
Josue,Rodgers,43,194,male
Devin,Tanner,43,95,male
Braeden,Meyers,54,105,male
Jessica,Haley,65,130,female
Rosa,Esparza,43,108,female
Damion,Steele,39,245,male
Issac,Gardner,37,205,male
Edith,Nelson,56,98,female
Aimee,Spears,35,207,female
Ashly,Neal,48,237,female
Abdiel,Valenzuela,54,168,male
Lawson,Hensley,25,150,male
David,Cruz,58,158,male
Calvin,Burgess,25,237,male
Pablo,Hogan,29,97,male
Bryant,Frazier,64,180,male
Kimora,Snyder,62,241,female
Dane,Hurley,53,218,male
Carlos,Hurley,32,166,male
Teagan,Cowan,27,244,male
Kaylin,Gillespie,46,171,female
Ivy,Villa,39,171,female
Bobby,Nolan,18,200,male
Cameron,Hodge,26,120,male
Valentino,Moody,47,228,male
Lizbeth,Hartman,38,208,female
Tommy,Marshall,26,93,male
Tristian,Prince,30,169,male
Eva,Jacobs,33,165,female
Wayne,Wilkins,31,104,male
Humberto,Oconnor,43,109,male
Eden,Colon,65,139,male
Nikolas,Cruz,57,98,male
Armando,Cook,26,211,male
Reginald,Tanner,39,178,male
Walker,Cantrell,22,232,male
Sincere,Figueroa,27,96,male
Bridget,Poole,36,212,female
Felix,Burnett,28,153,male
Reginald,Sexton,33,108,male
Rayna,Armstrong,45,127,female
Lamar,Huber,58,229,male
Kenya,Colon,19,136,female
Jaylon,Braun,28,163,male
Todd,Jones,63,156,male
Carley,Solomon,31,177,female
Catalina,Lester,70,214,female
Maxwell,Fisher,68,101,male
Tess,Stewart,63,131,female
Jairo,Moody,49,157,male
Cynthia,Lynch,40,187,female
Leia,Murray,46,224,female
Rory,Mayer,64,194,female
Jorden,Ellison,22,103,male
Kendrick,Gordon,20,195,male
Kolby,Hays,41,195,male
Allan,Collins,44,213,male
Armani,Mendoza,25,121,male
Carlos,Jones,62,240,male
Shania,Rice,31,109,female
Dulce,Morrison,41,144,female
Levi,Ellis,48,99,male
Cristofer,Adkins,25,202,male
Jaslene,Burns,19,111,female
Edgar,Wiley,22,248,male
Avery,Sawyer,69,244,male
Molly,Rivas,51,198,female
Joaquin,Robinson,62,187,male
Brianna,Herring,66,195,female
Meredith,Norton,25,90,female
Alijah,Dorsey,35,105,male
Allie,Pitts,66,111,female
Salvatore,Mcmahon,61,122,male
Valery,Fuller,32,162,female
Teagan,Cardenas,32,133,male
Kason,Frye,23,201,male
Moises,Middleton,51,90,male
Dashawn,Cooper,40,223,male
Leonel,Lambert,64,177,male
Cindy,James,51,116,female
Milagros,Archer,32,247,female
Kara,Howard,57,102,female
Lance,Valdez,62,180,male
Efrain,English,65,190,male
Sheldon,Osborne,58,183,male
Kamari,Nielsen,43,229,female
Enzo,Avila,26,128,male
Brendan,Doyle,63,232,male
Tori,Mclaughlin,30,91,female
Deborah,Gilmore,51,132,female
Trinity,Sawyer,35,229,female
Shirley,Duke,48,145,female
Dakota,Tapia,60,156,male
Sincere,Bruce,45,161,male
Carmen,Lang,55,146,female
Corbin,Deleon,22,183,male
Aidyn,Luna,45,168,male
Edgar,Herring,44,182,male
Van,Bruce,24,217,male
Abram,Conrad,51,135,male
Samuel,Harrell,31,231,male
Beatrice,Newman,58,148,female
Maddison,Pearson,35,208,female
Haleigh,Underwood,36,129,female
Arturo,Mcfarland,35,140,male
Yoselin,Moses,68,123,female
Eliezer,Arroyo,24,219,male
Armani,Stephenson,70,203,male
Skye,Vang,65,174,female
Alannah,Kim,58,139,female
Konnor,Hoffman,70,198,male
Lorenzo,Solomon,28,159,male
Erik,Jenkins,20,141,male
Dakota,Mann,48,171,male
Case,Lyons,45,91,male
Corbin,Foley,19,107,male
Victor,Stein,47,132,male
Winston,Holden,63,166,male
Shyann,Hodges,70,132,female
Danica,Tate,31,162,female
Pamela,Newton,28,214,female
Skylar,Moon,62,92,male
Kendal,Barron,39,147,female
Harper,Walton,54,106,male
Jazlene,Joseph,29,238,female
Amari,Pollard,25,243,male
Waylon,Perkins,52,103,male
Heidy,Estes,55,217,female
Derrick,Haney,25,189,male
Brittany,King,48,166,female
King,Harding,36,100,male
Walker,Lam,65,217,male
Daphne,Moore,64,115,female
Elias,Mcintosh,27,166,male
Nathanael,Park,52,140,male
Amiya,Stark,51,196,female
Israel,Mccall,33,213,male
Hezekiah,Joyce,41,111,male
Rayne,Sutton,32,99,female
Averie,Leblanc,22,144,female
Bria,Hensley,44,155,female
Athena,Haley,70,125,female
Lucille,Cooper,21,127,female
Blake,Mcmillan,67,247,male
Roselyn,Mathis,63,92,female
Addyson,Hensley,68,226,female
Blaine,Schaefer,60,237,male
Jordyn,Poole,66,228,female
Ty,Hicks,33,92,male
Gia,Reilly,68,139,female
Winston,Malone,67,161,male
Shea,Stevenson,20,164,female
Luciana,Henry,53,247,female
Brendon,Clay,34,142,male
Pamela,Wilkerson,38,240,female
Fisher,Bradley,64,154,male
Reilly,Soto,68,158,male
Trinity,Frost,18,157,female
Abby,Chen,68,183,female
Moshe,Nguyen,36,181,male
Denisse,Moyer,51,218,female
Calvin,Copeland,53,178,male
Denzel,Howard,44,122,male
Grant,Bass,39,151,male
Jett,Wood,64,208,male
Leland,Bush,53,234,male
Maggie,Luna,40,99,female
Matias,Wade,46,101,male
Kelsie,Osborne,53,237,female
Ramiro,Wiggins,59,109,male
Max,Dillon,64,166,male
Caitlin,Robbins,36,107,female
Deegan,Hogan,57,129,male
Harper,Strickland,51,149,male
Aaliyah,Gilmore,29,237,female
Deshawn,Hays,52,120,male
Miles,Franco,31,213,male
Alyvia,Gaines,29,214,female
Zaire,Wang,36,152,male
Edith,Patterson,43,136,female
Abdullah,James,50,135,male
Messiah,Gentry,55,104,male
Josie,Maldonado,25,134,female
Kendra,Zavala,34,243,female
Lucille,Stephenson,33,103,female
Jessie,Murray,44,218,male
Alonzo,Weber,27,141,male
Daniela,Mccann,31,98,female
Samuel,Savage,63,118,male
Johnathon,Mcknight,19,199,male
Mylie,Quinn,52,155,female
Brianna,Calhoun,51,153,female
Dashawn,Sutton,64,170,male
Steve,Freeman,23,109,male
Audrina,Campos,70,128,female
Deegan,Wilkins,44,230,male
Aditya,Mendez,49,221,male
Lindsay,Sanders,36,155,female
Harmony,Bauer,59,129,female
Warren,Flynn,23,249,male
Lia,Franklin,68,240,female
Cannon,Burton,68,107,male
Bennett,Wood,29,163,male
Walter,Mccarty,53,206,male
Warren,Yoder,39,126,male
Brooklynn,Livingston,49,121,female
Kamari,Velasquez,20,184,female
Laurel,Johns,58,188,female
Gracie,Zavala,51,153,female
Lukas,Heath,51,226,male
Mackenzie,Tucker,63,129,female
Reina,Mcdonald,45,108,female
Dania,Anthony,24,133,female
Mikayla,Braun,30,141,female
Savannah,Barr,59,105,female
Marilyn,Berry,24,232,female
Hope,Browning,66,95,female
Nancy,Parrish,34,184,female
Ryan,Trujillo,30,99,female
Rayan,Ellison,41,108,male
Niko,Ayers,69,169,male
Mason,Kent,65,211,male
Lucy,Patrick,56,116,female
Lee,Mccarthy,64,197,male
Ramiro,Small,42,127,male
Jaylin,Solis,42,174,female
Janae,Woods,55,171,female
Izabella,Sosa,20,101,female
Jordan,Yates,40,196,female
Saul,Franklin,48,212,male
Kamari,Reyes,52,209,male
Magdalena,Duarte,68,239,female
Kaia,Martinez,70,163,female
Johnathan,Sherman,40,164,male
Patrick,Hull,58,199,male
Robert,Cox,51,238,male
Kane,Hall,44,244,male
Stella,Irwin,65,247,female
Carmelo,Fuller,19,118,male
Quinn,Arnold,64,149,male
Yandel,Beasley,30,109,male
Cason,Whitehead,29,116,male
Tamara,Sloan,63,122,female
Abigail,Wise,61,175,female
Clark,Brandt,37,125,male
Damari,Hampton,55,181,male
Rigoberto,Haynes,50,239,male
Kiana,Burnett,20,102,female
Tiara,Huerta,29,117,female
Lane,Potter,66,101,male
Dane,Fischer,53,147,male
Keegan,Jimenez,27,99,male
Soren,Norris,29,155,male
Marlon,Austin,25,157,male
Averi,Huffman,59,158,female
Cameron,Park,19,230,female
Samson,Mathews,69,150,male
Odin,Benjamin,29,222,male
Eva,Hogan,37,206,female
Santiago,Patterson,23,136,male
Lana,Harrington,46,154,female
Livia,Calhoun,63,199,female
Barrett,Vance,63,136,male
Dominic,Atkinson,69,140,male
Tamia,Perez,63,115,female
Lincoln,Villarreal,23,96,male
Spencer,Rose,51,194,male
Ibrahim,Blair,53,204,male
Kadin,Castaneda,34,119,male
Deegan,Riley,62,168,male
Cloe,Glover,58,127,female
Gilbert,Jefferson,35,223,male
Caitlyn,Kane,52,210,female
Hana,Young,68,200,female
Nathanael,Yu,24,138,male
Aditya,Mckee,20,222,male
Amirah,Bautista,59,174,female
Natasha,Carson,53,158,female
Derek,Mcneil,64,241,male
Marianna,Gonzales,30,103,female
Dominick,Case,40,111,male
Monserrat,Mcintosh,30,225,female
Omari,Pace,26,126,male
Adolfo,Black,36,215,male
Arjun,Kidd,35,201,male
Judah,Benson,53,210,male
Lilly,Ayers,55,205,female
Dayton,Hopkins,33,156,male
Kendal,Guzman,49,93,female
Ariella,Benjamin,59,105,female
Aliyah,Stein,39,114,female
Marc,Becker,67,196,male
Alex,Buchanan,32,214,male
Holden,Gates,59,239,male
Gideon,Maxwell,44,211,male
Deacon,Mcdonald,23,118,male
Bennett,Henderson,47,150,male
Ali,Everett,34,144,male
Cora,Schmidt,33,239,female
Hope,Davidson,66,107,female
Travis,Evans,62,127,male
Ruby,Caldwell,23,137,female
Viviana,Ramirez,56,163,female
Devon,Carlson,34,176,male
Kathy,Flynn,30,104,female
Bradley,Landry,32,179,male
Jan,Ramsey,46,104,male
Demetrius,Delacruz,32,179,male
Zoie,Rangel,18,114,female
Wilson,Ferguson,46,189,male
Josh,Romero,54,249,male
Adeline,Perkins,54,90,female
Kaia,Garza,65,131,female
Lawrence,Raymond,46,222,male
Shirley,Luna,38,210,female
Violet,Merritt,70,193,female
Jakobe,Barton,49,231,male
Cali,Dunlap,22,247,female
Hope,Cuevas,43,126,female
Isiah,Fritz,19,211,male
Darnell,Villanueva,23,140,male
Asher,Ballard,39,90,male
Cassie,Marquez,18,214,female
Brayan,Mcdowell,68,244,male
Nikolas,Rojas,40,93,male
Donovan,Barrett,37,124,male
Annabella,Klein,28,113,female
Lola,Potter,31,117,female
Kenzie,Luna,54,176,female
Priscilla,Goodwin,52,160,female
Darren,Freeman,62,187,male
Antoine,Whitney,50,117,male
Essence,Goodman,67,219,female
Sarahi,French,38,178,female
Edwin,Ashley,65,188,male
Dania,Krause,28,109,female
Travis,Aguilar,40,204,male
Gloria,Holt,21,153,female
Bailey,Walters,63,139,male
Jaxon,Beard,54,167,male
Daniel,Arellano,62,189,male
Jenna,Mooney,55,155,female
Dangelo,Campos,24,100,male
Ashlyn,Pope,64,236,female
Trent,Castro,28,120,male
Kierra,Park,37,233,female
Essence,Eaton,46,221,female
Reid,Huynh,19,156,male
Jasmine,Avery,18,203,female
Margaret,Harvey,21,127,female
Dulce,Bender,50,124,female
Jaylee,Hodges,45,209,female
Colby,Lawrence,28,140,male
Douglas,Carlson,36,140,male
Todd,Cordova,45,145,male
Randall,Klein,48,216,male
Jazlynn,Cooley,20,237,female
Malia,Odonnell,61,173,female
Kaydence,Watson,59,249,female
Cameron,Stewart,62,128,female
Easton,Taylor,39,101,male
Alannah,Watkins,55,214,female
Aisha,Potts,40,182,female
Abdiel,Armstrong,48,156,male
Mohammed,Fuller,64,237,male
Jovanny,Palmer,36,144,male
Caitlin,Hart,63,113,female
Blake,Cochran,41,165,male
Jalen,Sellers,57,176,male
Haylee,Friedman,29,96,female
Kasey,Atkins,52,112,male
Willow,Ellison,33,150,female
Jefferson,Hartman,61,169,male
Ashlee,Stone,28,243,female
Mateo,Malone,28,208,male
Ariana,Brennan,45,110,female
Kyan,Lynn,33,204,male
Mariam,Briggs,47,195,female
Eleanor,Hodge,36,188,female
Jaydan,Soto,43,139,male
Perla,Sullivan,33,105,female
Clare,Henderson,26,104,female
Reginald,Wyatt,54,187,male
Yahir,Sawyer,23,186,male
Cristofer,Schaefer,44,180,male
Emery,Mckee,70,162,female
Maci,Bernard,32,139,female
Kamila,Navarro,21,130,female
Serena,Maxwell,52,215,female
Nia,Perry,41,113,female
Lily,Smith,26,132,female
Jayvion,Hart,59,226,male
Teresa,Henson,50,222,female
Greyson,Sawyer,52,178,male
Ryann,Shannon,30,122,female
Zain,Saunders,44,218,male
Amy,Richardson,24,162,female
Uriah,Andrade,59,97,male
Selina,Moyer,68,203,female
Alma,Ortega,64,186,female
Elianna,Blankenship,67,204,female
Heather,Cuevas,35,170,female
Joanna,Woodard,33,232,female
Mohammad,Hayes,24,188,male
Harley,Vazquez,25,202,male
Nathen,Griffith,33,169,male
Cynthia,Garcia,28,104,female
Caden,Rivera,51,164,male
Stella,Pittman,65,196,female
Antonio,Holland,34,154,male
Kiley,Prince,20,93,female
Dominik,Bradley,44,212,male
Vanessa,Compton,42,206,female
Colby,Mercer,45,225,male
Kaylah,Beard,20,247,female
Ryder,Gill,69,128,male
Maci,Carpenter,61,109,female
Kaylah,Hubbard,40,178,female
Stanley,Swanson,57,199,male
Jaslene,Cowan,37,103,female
Zion,Atkins,29,223,female
Alexzander,Beard,62,204,male
Ariel,Barr,20,113,female
Jenny,Bernard,59,154,female
Kimberly,Hood,40,237,female
Troy,Wang,30,220,male
Louis,Cox,20,173,male
Omari,Riley,36,94,male
Savanah,Lyons,55,104,female
Ansley,Meyer,53,236,female
Scarlet,Richard,59,188,female
Aliya,Brennan,69,202,female
Oscar,Huang,60,163,male
Desiree,Sutton,38,232,female
Myles,Henry,44,158,male
Karlie,Sutton,33,214,female
Ibrahim,Davenport,54,170,male
Eric,Zamora,29,152,male
Marlon,Watson,63,216,male
Elvis,Grimes,51,115,male
Abril,Grimes,55,168,female
Eliezer,Johnston,57,102,male
Chace,Turner,50,243,male
Kaylee,Marsh,49,165,female
Kristina,Lindsey,64,125,female
Skyla,Gates,35,167,female
Miracle,Copeland,31,145,female
Daniel,Green,40,201,male
Hailee,Delgado,23,98,female
Kenneth,Martin,43,161,male
Amiah,Blackburn,68,221,female
Santiago,Olsen,49,168,male
Zayden,Chung,48,92,male
Naomi,Ramos,45,200,female
Liam,Garrett,29,172,male
Eileen,Blanchard,29,189,female
Faith,Copeland,36,180,female
Marcus,Solis,31,143,male
Nigel,Merritt,32,97,male
Dawson,Ramos,41,204,male
Aidyn,Zhang,62,96,male
Rhianna,Ashley,55,138,female
Adison,Prince,29,158,female
Lilian,Hensley,49,202,female
Janiya,Pratt,52,102,female
Evan,Vaughn,29,106,male
Sean,Ford,44,167,male
Kaeden,Hoffman,35,166,male
Alfredo,Lucas,51,229,male
Catherine,Wallace,68,146,female
Cade,Duncan,35,118,male
Alena,Roach,20,157,female
Carlo,Bautista,62,218,male
Raven,Frye,21,234,female
Aiden,Hurst,47,127,male
Kenya,Cisneros,57,141,female
Ainsley,Steele,68,92,female
Jaeden,Carney,54,140,male
Amaya,Griffin,34,191,female
Clara,Hall,29,125,female
Yareli,Mcpherson,35,111,female
Liberty,Stark,57,195,female
Brenda,Crawford,23,150,female
Nash,Abbott,24,180,male
Giancarlo,Burgess,22,169,male
Clark,Leonard,61,236,male
Garrett,Finley,44,109,male
Trevor,Perez,35,202,male
Jazlene,Cisneros,25,216,female
Tyshawn,Mays,20,245,male
Juliana,Schaefer,25,190,female
Hudson,Harmon,39,138,male
Alyssa,Webb,23,196,female
Cory,Brandt,61,211,male
Elisa,Liu,67,109,female
Adan,Calderon,40,182,male
Trystan,Casey,67,117,male
Jane,Douglas,53,133,female
Kylie,Valdez,51,118,female
Nathalia,Sandoval,49,101,female
Izaiah,Rich,52,180,male
Jayvon,Friedman,59,237,male
Dario,Valenzuela,22,108,male
Xander,Deleon,23,230,male
Zaria,Roberts,51,227,female
Osvaldo,Reese,24,187,male
Cara,Mercado,58,218,female
Alonso,Frost,50,164,male
Logan,Yates,42,118,female
Giana,Bolton,49,228,female
Everett,Porter,41,99,male
Laura,Mcintyre,55,172,female
Jacqueline,Pena,53,118,female
Brynlee,Sampson,58,181,female
Byron,Garner,60,156,male
Shyann,Wiggins,56,93,female
Amir,Spears,54,133,male
Lena,Rivas,56,122,female
Johanna,Tate,48,169,female
Katelyn,Mcclain,38,199,female
Nicole,Coleman,30,237,female
Anna,Christensen,35,164,female
Melany,Simon,30,110,female
Marley,Burgess,42,117,male
Wendy,Benjamin,57,95,female
Aron,Black,48,120,male
Parker,Case,32,91,male
Patrick,Ramos,35,219,male
Kelvin,Paul,63,164,male
Lillian,Jacobson,33,215,female
Karen,Reilly,61,144,female
Braedon,Blanchard,67,219,male
Kailey,Price,27,130,female
Roman,Lucas,66,97,male
Prince,Hardy,49,195,male
Rebecca,Meza,53,173,female
Catherine,Shepard,56,233,female
Silas,Nixon,45,166,male
Gaige,Ashley,32,214,male
Ashley,Meyer,50,149,female
Jerry,Robertson,21,204,male
Adriana,Zuniga,26,94,female
Issac,Middleton,50,247,male
Daisy,Henson,49,186,female
Bo,Robles,38,230,male
Glenn,Blackwell,20,139,male
Preston,Mathews,70,146,male
Sabrina,Harrell,49,113,female
Issac,Caldwell,50,205,male
Haleigh,Jenkins,70,95,female
Moses,House,18,189,male
Siena,Johnson,62,126,female
Tatiana,Pineda,66,154,female
Alondra,Goodman,50,240,female
Lucy,Barrett,37,236,female
Devyn,Holt,57,183,male
Giovani,Simon,19,240,male
Caden,Lawrence,69,238,male
Brooks,Blanchard,30,237,male
Bailee,Morton,49,144,female
William,Fernandez,64,205,male
Alyssa,Fry,36,195,female
Meredith,Key,59,118,female
Marvin,Cooke,21,158,male
Madison,Hatfield,67,208,female
Samson,Pacheco,58,219,male
Leonard,Todd,63,136,male
Gina,Marshall,27,243,female
Greyson,Sharp,34,144,male
Kamora,Daniel,69,115,female
Mallory,Stephens,30,171,female
Carla,Vaughan,18,111,female
Armani,Luna,65,136,female
Arianna,Winters,50,157,female
Messiah,Johnson,70,162,male
Everett,Owen,64,149,male
Pablo,Andrade,62,246,male
Sidney,Jensen,20,120,female
Nasir,Knight,34,214,male
Julio,Stafford,70,134,male
Jayda,Benton,66,144,female
Ruben,Gutierrez,40,130,male
Tamara,Schmitt,70,137,female
Brennan,Davila,57,213,male
Isabelle,Terrell,47,239,female
Weston,Neal,43,126,male
Jasper,Hines,65,178,male
Yaritza,Swanson,19,249,female
Avery,Delgado,31,107,male
Lukas,Valentine,50,244,male
Pierre,Boyle,67,177,male
Alia,Delgado,36,183,female
Alena,Santana,36,182,female
Winston,Cooley,22,187,male
Ramiro,Friedman,22,127,male
Beckett,Hoover,23,219,male
Zachary,Downs,21,103,male
Frankie,Kidd,33,193,male
Giovanna,Morrow,20,218,female
Zavier,Kemp,25,192,male
Bennett,Ho,53,127,male
Paul,Franco,32,126,male
Kelvin,Mckenzie,50,110,male
Aedan,Davidson,61,170,male
Kelsey,Scott,22,112,female
Taliyah,Myers,28,154,female
Ronin,Miles,32,248,male
Eden,Murillo,32,141,male
Aden,Mccann,41,205,male
Riley,Colon,70,189,male
Kassandra,Cox,45,113,female
Ray,English,31,156,male
Taliyah,Padilla,62,234,female
Jenna,Gutierrez,67,191,female
Maya,Walton,34,243,female
Kian,House,61,138,male
Kamila,Crawford,67,201,female
Breanna,Lowery,54,214,female
Zack,Alvarado,56,157,male
Dakota,Gay,29,174,male
Elaina,Holden,33,144,female
Abbie,Boyle,30,198,female
Amy,Buckley,53,192,female
Perla,Conley,24,181,female
Khalil,Eaton,40,116,male
Hadley,Valenzuela,20,240,female
Rashad,Lloyd,46,134,male
Kassandra,Lucas,31,228,female
Tyson,Turner,34,212,male
Lamont,Spears,32,135,male
Nathalie,Aguilar,62,219,female
Mikaela,Fox,50,116,female
Avah,Powell,57,99,female
Beckett,Chung,40,199,male
Daphne,Henderson,68,141,female
Reyna,Sheppard,20,114,female
Aleah,Navarro,24,162,female
Ciara,Moses,60,183,female
Maryjane,Miller,45,212,female
Gregory,Booker,46,200,male
Romeo,Boone,59,155,male
Dax,Wilcox,24,146,male
Sam,Rivera,44,145,male
Crystal,Wolf,30,129,female
Todd,Greer,34,177,male
Gauge,Hale,37,110,male
Diya,Manning,25,94,female
Alyvia,Gonzales,60,96,female
Elvis,Gregory,54,213,male
Braedon,Miller,68,179,male
Isabelle,Bishop,37,230,female
Caitlyn,Gallegos,41,165,female
India,Zuniga,63,206,female
Tate,Hayden,69,102,male
Frank,Mcpherson,30,215,male
Franco,Hendricks,40,249,male
Pablo,Hodge,63,155,male
Wendy,Nicholson,38,170,female
Kael,Frazier,32,110,male
Charlee,Banks,54,209,female
Elisa,Willis,27,152,female
Charlee,Riley,31,239,female
Alejandro,Gilmore,70,234,male
Katrina,Marquez,50,198,female
Mattie,Moran,41,225,female
Cherish,Harding,69,197,female
Jabari,Peck,53,192,male
Joanna,Alvarez,47,222,female
India,Wolf,29,244,female
Alexa,Cobb,25,106,female
Rachael,Griffith,54,156,female
Mary,Todd,63,148,female
Dax,Cunningham,21,200,male
Janiya,Ayers,69,159,female
Deacon,Thompson,50,213,male
Belinda,Estes,34,124,female
Julianne,Hayes,28,135,female
Zayden,Cisneros,65,227,male
Haylee,Grimes,37,173,female
Matteo,Henderson,65,179,male
Quinten,Huffman,53,137,male
Estrella,Snow,38,96,female
Hamza,Morrow,18,172,male
Avery,Bennett,32,186,female
Silas,Savage,24,174,male
Rogelio,Sellers,35,226,male
Braeden,Lawrence,36,106,male
Bryan,Arroyo,38,172,male
Chace,Holloway,31,216,male
Mckenzie,Hays,33,129,female
Belen,Santana,64,135,female
Harrison,Freeman,27,118,male
Kendall,King,45,140,female
Macey,Robbins,50,180,female
Mercedes,Patton,37,111,female
Courtney,Duke,56,110,female
Edith,Cooley,34,198,female
Rolando,Soto,32,237,male
Alexis,Mullen,66,143,male
Grant,Stark,68,112,male
Aditya,Mcdaniel,53,124,male
Rhys,Singleton,47,114,male
Jaylan,Lawrence,31,214,male
Marianna,Ortiz,26,123,female
Kimora,Cantu,50,162,female
Lucy,Morton,32,199,female
Hazel,Guzman,48,217,female
Amaris,Boyle,69,191,female
Mark,Allison,66,185,male
Monserrat,Liu,43,240,female
Kailyn,Burns,25,195,female
Lacey,Burnett,59,223,female
Amina,Rush,59,171,female
